id,good,hts_code
1,Alcoholic Beverages,2203
10,Bamboo,4402.1
100,Coconuts,0801.11.0000
101,Coconuts,0801.12.0000
102,Coconuts,0801.19.01
103,Coffee,0901
104,Copper,2603
105,Corn,0709.99.4500
106,Corn,0710.40.0000
107,Corn,1005.1
108,Corn,1005.90.2015
109,Corn,1005.90.2025
11,Bamboo,4409.21
110,Corn,1005.90.4060
111,Cotton,5201
112,Cottonseed (hybrid),1207.21.0000
113,Cottonseed (hybrid),1207.29.0000
114,Cucumbers,0707.00
115,Cumin,0909.31.0000
116,Cumin,0909.32.0000
117,Diamonds,7102
118,Dried Fish,0305.31.0100
119,Dried Fish,0305.32
12,Bamboo,4412.1
120,Dried Fish,0305.39
121,Dried Fish,0305.51.0000
122,Dried Fish,0305.52.0000
123,Dried Fish,0305.53.0000
124,Dried Fish,0305.54.0000
125,Dried Fish,0305.59.0001
126,Eggplants,0709.30
127,Electronics,85
128,Embellished Textiles,5407.91.2010
129,Embellished Textiles,5407.92.2010
13,Bamboo,4418.73
130,Embellished Textiles,5809.00.0000
131,Emeralds,7103.1
132,Emeralds,7103.91.0030
133,Fashion Accessories,7117.19
134,Fashion Accessories,7117.90.1000
135,Fashion Accessories,7117.90.4500
136,Fashion Accessories,7117.90.5500
137,Fashion Accessories,7117.90.6000
138,Fashion Accessories,7117.90.7500
139,Fashion Accessories,7117.90.9000
14,Bamboo,4418.91
140,Fashion Accessories,9601.90.2000
141,Fashion Accessories,9601.90.4000
142,Fireworks,3604.1
143,Fish,0301
144,Fish,0302
145,Fish,0303
146,Fish,0304
147,Flowers,0603
148,Fluorspar (mineral),2529.21.0000
149,Fluorspar (mineral),2529.22.0000
15,Bamboo,4706.30.0000
150,Footwear,64
151,Footwear (sandals),6402.99.27
152,Footwear (sandals),6403.20.0000
153,Fruits (Pome and Stone),0808
154,Fruits (Pome and Stone),0809
155,Furniture,94
156,Furniture (steel),9402.10.0000
157,Furniture (steel),9402.9
158,Furniture (steel),9403.1
159,Furniture (steel),9403.2
16,Bamboo,4823.61
160,Garlic,0703.20
161,Garlic,0712.90.40
162,Garments,61
163,Garments,62
164,Gems,7101
165,Gems,7102
166,Gems,7103
167,Glass,70
168,Glass Bangles,7117.90.5500
169,Glass Bangles,7117.90.9000
17,Bananas,0803.90
170,Gloves,4203.29
171,Gloves,6116.91
172,Goats,0104.20
173,Gold,7108
174,Gold,7115.90.0530
175,Granite,2516.11.0000
176,Granite,2516.12
177,Granite (crushed),2517
178,Grapes,0806.10
179,Gravel (crushed stones),2517.10.0015
18,Beans,0708.20
180,Gypsum (mineral),2520.10.0000
181,Hair Products,0501.00.0000
182,Hair Products,6703.00.3000
183,Hair Products,6704.20.0000
184,Hazelnuts,0802.21.0000
185,Hazelnuts,0802.22.0000
186,Hogs,0103
187,Incense (agarbatti),3307.41.0000
188,Iron,2601
189,Iron,7206
19,Beans,0710.22.1000
190,Jade,7103.1
191,Jade,7103.99
192,Jade,7104.20.0000
193,Jade,7104.9
194,Jute (textiles),5301
195,Khat (stimulant plant),1211.90.9231
196,Khat/Miraa (stimulant plant),1211.90.9231
197,Leather,4104
198,Leather,4105
199,Leather,4106
2,Alcoholic Beverages,2204
20,Beans,0710.22.1500
200,Leather,4107
201,Leather,4112
202,Leather,4113
203,Leather,4114
204,Leather,4115
205,Leather Goods/Accessories,42
206,Lettuce,0705.11
207,Lettuce,0705.19
208,Lobsters,0306.11
209,Lobsters,0306.12
21,Beans,0710.22.2000
210,Lobsters,0306.15.0000
211,Lobsters,0306.31.0000
212,Lobsters,0306.32
213,Lobsters,0306.34.0000
214,Lobsters,0306.91.0000
215,Lobsters,0306.92.0000
216,Lobsters,0306.94.0000
217,Locks,8301.1
218,Locks,8301.2
219,Locks,8301.3
22,Beans,0710.22.3700
220,Locks,8301.4
221,Locks,8301.5
222,Locks,8301.6
223,Manioc/Cassava,0714.10
224,Matches,3605
225,Meat,02
226,Melons,0807.11
227,Melons,0807.19
228,Mica,2525.1
229,Nails,7317
23,Beans,0710.22.4090
230,Nails,7415.10.0000
231,Nails,7616.10.1000
232,Nile Perch (fish),0302.79.5025
233,Nile Perch (fish),0303.29.0110
234,Nile Perch (fish),0304.33.0000
235,Nile Perch (fish),0304.63.0000
236,Nile Perch (fish),0305.31.0100
237,Nile Perch (fish),0305.44.0100
238,Nile Perch (fish),0305.52.0000
239,Nile Perch (fish),0305.64
24,Beans (green beans),0708.20.9010
240,Oil (palm),1207.10.0000
241,Oil (palm),1511
242,Oil (palm),1513.21.0000
243,Oil (palm),1513.29.0000
244,Oil (palm),2306.60.0000
245,Olives,0709.92.0000
246,Olives,0712.90.1500
247,Olives,0712.90.2000
248,Onions,0703.10.2000
249,Onions,0703.10.3000
25,Beans (green beans),0710.22.2500
250,Onions,0712.20
251,Palm Thatch,4601.94.0500
252,Peanuts,1202
253,Pepper,0904.11
254,Pepper,0904.12.0000
255,Peppers,0709.60.20
256,Peppers,0709.60.40
257,Peppers,0904.21
258,Peppers,0904.22
259,Physic Nuts,1207.30.0000
26,Beans (green beans),0710.22.4010
260,Physic Nuts,1207.99.0391
261,Pineapples,0804.30
262,Polysilicon,2804.61
263,Poppies,1302.11.0000
264,Potatoes,0701
265,Poultry,0105
266,Poultry,0207
267,Pulses (legumes),0708
268,Pulses (legumes),0713
269,Pyrotechnics,3604
27,"Beans (green, soy, yellow)",0708.20.9010
270,Pyrotechnics,3605
271,Rice,1006
272,Rice,1008.90.0120
273,Rubber,4001
274,Rubber Gloves,4015.11
275,Rubber Gloves,4015.19
276,Rubies,7103.1
277,Rubies,7103.91.0010
278,Salt,2501.00.0000
279,Sand,2505
28,"Beans (green, soy, yellow)",0710.22.2500
280,Sandstone,2516.2
281,Sapphires,7103.1
282,Sapphires,7103.91.0020
283,Sesame,1207.40.0000
284,Sheep,0104.10.0000
285,Shellfish,0307
286,Shrimp,0306.16
287,Shrimp,0306.17
288,Shrimp,0306.35
289,Shrimp,0306.36
29,"Beans (green, soy, yellow)",0710.22.4010
290,Shrimp,0306.95
291,Silk Cocoons,5001.00.0000
292,Silk Fabric,5007
293,Silk Thread,5004.00.0000
294,Silk Thread,5005
295,Silk Thread,5006
296,Silver,2616.1
297,Sisal,5607.21.0000
298,Sisal,5607.29.0000
299,Soap,3401.11
3,Alcoholic Beverages,2205
30,"Beans (green, soy, yellow)",1201
300,Soap,3401.19.0000
31,Beef,0201
32,Beef,0202
33,Beef,0210.20.0000
34,Bidis (hand-rolled cigarettes),2402.20.8000
35,Blueberries,0810.40.0024
36,Blueberries,0810.40.0026
37,Blueberries,0810.40.0029
38,Bovines,0102
39,Brassware,7418.10.0002
4,Alcoholic Beverages,2206
40,Brassware,7418.10.0021
41,Brassware,7418.10.0023
42,Brassware,7418.10.0025
43,Brassware,7418.20.1000
44,Brassware,9405.10.40
45,Brazil Nuts/Chestnuts,0801.21.0000
46,Brazil Nuts/Chestnuts,0801.22.0000
47,Brazil Nuts/Chestnuts,0802.41.0000
48,Brazil Nuts/Chestnuts,0802.42.0000
49,Bricks,6810.11
5,Alcoholic Beverages,2207.10.3000
50,Bricks,6901
51,Bricks,6902.1
52,Bricks,6902.20.10
53,Bricks,6902.90.10
54,Bricks,6904
55,Bricks (clay),6902.90.1010
56,Broccoli,0704.10
57,Broccoli,0704.90.4020
58,Broccoli,0710.80.9722
59,Broccoli,0710.80.9724
6,Alcoholic Beverages,2208
60,Broccoli,0710.80.9726
61,Cabbages,0704.90.2000
62,Carpets,5701
63,Carpets,5702
64,Carpets,5703
65,Carpets,5704
66,Carpets,5705
67,Carrots,0706.10.0500
68,Carrots,0706.10.1000
69,Carrots,0706.10.2000
7,Amber,9602
70,Carrots,0710.80.7040
71,Carrots,0712.90.1000
72,Cashews,0801.31.0000
73,Cashews,0801.32.0000
74,Cattle,0102.21
75,Cattle,0102.29
76,Cement,2523
77,Cement,3909.50.2000
78,Cement,6810
79,Cement,6811
8,Artificial Flowers,6702
80,Ceramics,69
81,Cereal Grains,1001
82,Cereal Grains,1002
83,Cereal Grains,1003
84,Cereal Grains,1004
85,Cereal Grains,1005
86,Cereal Grains,1007
87,Cereal Grains,1008
88,Charcoal,4402
89,Chile Peppers,0709.60.20
9,Baked Goods,1905
90,Christmas Decorations,8539.22.4000
91,Christmas Decorations,9405.3
92,Christmas Decorations,9505.1
93,Citrus Fruits,0805
94,Cloves,0907
95,Coal,2701
96,Cobalt ore (heterogenite),2605.00.0000
97,Coca (stimulant plant),1211.30.0000
98,Cocoa,1801.00.0000
99,Cocoa,1802.00.0000
